id,demo_url
sd15_0001,"https://image.civitai.com/xG1nkqKTMzGDvpLrqFT7WA/08c0d4a6-bfac-4848-8896-743d8138cc83/anim=false,width=450/42822-3629418177-(masterpiece,%20top%20quality,%20best%20quality,%20official%20art,%20beautiful%20and%20aesthetic_1.2),(8k,%20best%20quality,%20masterpiece_1.2),(((white.jpeg"
sd15_0001,"https://image.civitai.com/xG1nkqKTMzGDvpLrqFT7WA/898a178b-3f50-4dcc-a2e2-38cce33915f0/anim=false,width=450/42827-24192302-(masterpiece,%20top%20quality,%20best%20quality,%20official%20art,%20beautiful%20and%20aesthetic_1.2),(8k,%20best%20quality,%20masterpiece_1.2),(((white.jpeg"
sd15_0001,"https://image.civitai.com/xG1nkqKTMzGDvpLrqFT7WA/7788ef8d-90af-44b6-9bf2-9bf61c2d18ff/anim=false,width=450/42828-24192302-(masterpiece,%20top%20quality,%20best%20quality,%20official%20art,%20beautiful%20and%20aesthetic_1.2),(8k,%20best%20quality,%20masterpiece_1.2),(((white.jpeg"
sd15_0001,"https://image.civitai.com/xG1nkqKTMzGDvpLrqFT7WA/f8296779-25d7-42f5-ab8f-472bac313464/anim=false,width=450/42829-24192302-(masterpiece,%20top%20quality,%20best%20quality,%20official%20art,%20beautiful%20and%20aesthetic_1.2),(8k,%20best%20quality,%20masterpiece_1.2),(((white.jpeg"
sd15_0002,"https://image.civitai.com/xG1nkqKTMzGDvpLrqFT7WA/e96234fd-5cfb-4836-b66b-9e20b622fc49/anim=false,width=450/11495-819830535-no%20humans,_lora_0140%20Chinese%20couplets_v1_1_,ruanyi0140,text%20focus,,%20best%20quality,masterpiece,highres,official%20art,extremely%20deta.jpeg"
sd15_0002,"https://image.civitai.com/xG1nkqKTMzGDvpLrqFT7WA/d8c08473-2b3b-4905-99ad-a74eb84b6453/anim=false,width=450/11513-4055087466-_lora_0140%20Chinese%20couplets_v1_1_,ruanyi0140,text%20focus,Chinese%20character,red%20theme,no%20humans,,%20best%20quality,masterpiece,highres.jpeg"
sd15_0002,"https://image.civitai.com/xG1nkqKTMzGDvpLrqFT7WA/b8a7da0d-95d7-4a60-aee8-1bf9e96d082b/anim=false,width=450/11512-2598804955-_lora_0140%20Chinese%20couplets_v1_1_,ruanyi0140,text%20focus,Chinese%20character,red%20theme,1girl,solo,full%20body,standing,_lora_0069%20Bil.jpeg"
sd15_0002,"https://image.civitai.com/xG1nkqKTMzGDvpLrqFT7WA/479390a2-c75e-460a-9474-35caa510bc12/anim=false,width=450/11511-1221445727-_lora_0140%20Chinese%20couplets_v1_1_,ruanyi0140,text%20focus,Chinese%20character,red%20theme,1girl,solo,full%20body,standing,_lora_0069%20Bil.jpeg"
sd15_0003,"https://image.civitai.com/xG1nkqKTMzGDvpLrqFT7WA/9bace814-cbbb-43e9-9263-a177ab78639d/anim=false,width=450/00020-598541834.jpeg"
sd15_0003,"https://image.civitai.com/xG1nkqKTMzGDvpLrqFT7WA/df4e54e0-7eb0-4c6c-82ec-0107600d1604/anim=false,width=450/00024-858789350.jpeg"
sd15_0003,"https://image.civitai.com/xG1nkqKTMzGDvpLrqFT7WA/8fa1ffad-4ca8-4ed7-a373-4ca5ec7d3056/anim=false,width=450/00025-1777278895.jpeg"
sd15_0003,"https://image.civitai.com/xG1nkqKTMzGDvpLrqFT7WA/637b0372-84b8-4c27-9c72-f07059b47170/anim=false,width=450/00028-3936892341.jpeg"
sd15_0003,"https://image.civitai.com/xG1nkqKTMzGDvpLrqFT7WA/d8aad676-9729-4fab-9304-1fd470f4c737/anim=false,width=450/00038-1834463563.jpeg"
sd15_0003,"https://image.civitai.com/xG1nkqKTMzGDvpLrqFT7WA/9ba5a023-f93e-4921-a729-02216babb0d8/anim=false,width=450/00039-1415262122.jpeg"
sd15_0004,"https://image.civitai.com/xG1nkqKTMzGDvpLrqFT7WA/16cecb6b-0575-4662-8293-b58225c27008/anim=false,width=450/egypticons%20(1).jpeg"
sd15_0004,"https://image.civitai.com/xG1nkqKTMzGDvpLrqFT7WA/474b6acd-51e0-46d5-926f-710230c9eca8/anim=false,width=450/egypticons%20(2).jpeg"
sd15_0004,"https://image.civitai.com/xG1nkqKTMzGDvpLrqFT7WA/c713ba08-8f97-4383-86e2-ea3479678b23/anim=false,width=450/egypticons%20(3).jpeg"
sd15_0004,"https://image.civitai.com/xG1nkqKTMzGDvpLrqFT7WA/d4bb50c9-fd19-48a6-b786-cbaffeb579f8/anim=false,width=450/egypticons%20(5).jpeg"
sd15_0004,"https://image.civitai.com/xG1nkqKTMzGDvpLrqFT7WA/4976d5f0-c952-40b0-8d88-943b99907b27/anim=false,width=450/egypticons%20(6).jpeg"
sd15_0004,"https://image.civitai.com/xG1nkqKTMzGDvpLrqFT7WA/393e91f8-a6fb-4a36-b2bd-30068219f4e0/anim=false,width=450/egypticons%20(4).jpeg"
sd15_0004,"https://image.civitai.com/xG1nkqKTMzGDvpLrqFT7WA/0471c386-7f3c-46d8-8b51-75e7e3196ddf/anim=false,width=450/egypticons%20(7).jpeg"
sd15_0004,"https://image.civitai.com/xG1nkqKTMzGDvpLrqFT7WA/50f4d974-8761-4d98-92fc-171ea61cb5e0/anim=false,width=450/egypticons%20(16).jpeg"
sd15_0004,"https://image.civitai.com/xG1nkqKTMzGDvpLrqFT7WA/ac5031be-95b9-4d98-96fa-acac35d5f5d1/anim=false,width=450/egypticons%20(8).jpeg"
sd15_0004,"https://image.civitai.com/xG1nkqKTMzGDvpLrqFT7WA/7880aa80-07f1-45d5-a679-1066aaa23d44/anim=false,width=450/egypticons%20(9).jpeg"
sd15_0004,"https://image.civitai.com/xG1nkqKTMzGDvpLrqFT7WA/d865739d-74c9-4a8f-ae3d-0a1b66ad67fa/anim=false,width=450/egypticons%20(11).jpeg"
sd15_0004,"https://image.civitai.com/xG1nkqKTMzGDvpLrqFT7WA/bb7ddf54-9c2e-43c0-835e-fb4dc447b8f5/anim=false,width=450/egypticons%20(12).jpeg"
sd15_0004,"https://image.civitai.com/xG1nkqKTMzGDvpLrqFT7WA/5e4c0834-b346-4569-9620-e2aa996ea12a/anim=false,width=450/egypticons%20(13).jpeg"
sd15_0004,"https://image.civitai.com/xG1nkqKTMzGDvpLrqFT7WA/61b7b29b-b4b3-40bc-8c31-aeba0766b0d8/anim=false,width=450/egypticons%20(14).jpeg"
sd15_0004,"https://image.civitai.com/xG1nkqKTMzGDvpLrqFT7WA/9bbc34f9-7c1e-4238-aeef-409b4bdb4309/anim=false,width=450/egypticons%20(15).jpeg"
sd15_0005,"https://image.civitai.com/xG1nkqKTMzGDvpLrqFT7WA/ac864dd1-3315-4b53-9f9c-52140cca688d/anim=false,width=450/00038-1715920121.jpeg"
sd15_0005,"https://image.civitai.com/xG1nkqKTMzGDvpLrqFT7WA/b8274254-dbf5-4fbc-9bbe-f04150e77fcb/anim=false,width=450/00041-2527955336.jpeg"
sd15_0005,"https://image.civitai.com/xG1nkqKTMzGDvpLrqFT7WA/bf227161-d646-40fd-8a05-907f758893eb/anim=false,width=450/00039-1279999319.jpeg"
sd15_0005,"https://image.civitai.com/xG1nkqKTMzGDvpLrqFT7WA/a6027e23-7e9e-4279-b2b6-a69ec28d2b1d/anim=false,width=450/00040-677269785.jpeg"
sd15_0005,"https://image.civitai.com/xG1nkqKTMzGDvpLrqFT7WA/9dad199b-4e60-4c98-ad4b-4f9d5efb2a9d/anim=false,width=450/00037-1455329718.jpeg"
sd15_0006,"https://image.civitai.com/xG1nkqKTMzGDvpLrqFT7WA/72477f8a-2f8e-4f63-92d9-97b707a4c1a8/anim=false,width=450/01658-1903299719-Game%20Icon%20Institute,%20Game%20Icon,%20Pathway,%20Pond,%20National%20Style%20Architecture,%20Peach%20Blossoms,%20Forest,%20Rainbow%20Crossing%20the%20Sky,%20St.jpeg"
sd15_0006,"https://image.civitai.com/xG1nkqKTMzGDvpLrqFT7WA/15fb1574-5bda-4239-976e-23a5638c5085/anim=false,width=450/01620-694204956-game%C2%A0icon%C2%A0institute,%20game%C2%A0icon,National%20style%20architecture-1,reasonable%20structure,%20HD,%20game%20icon,%20perfect%20work,(masterpiece,%20top.jpeg"
sd15_0006,"https://image.civitai.com/xG1nkqKTMzGDvpLrqFT7WA/847df323-d5a4-4d9f-b01a-25784c8734e6/anim=false,width=450/01627-2293444086-game%C2%A0icon%C2%A0institute,%20game%C2%A0icon,National%20style%20architecture-1,reasonable%20structure,%20HD,%20game%20icon,%20perfect%20work,(masterpiece,%20top.jpeg"
sd15_0006,"https://image.civitai.com/xG1nkqKTMzGDvpLrqFT7WA/d581e871-dc96-46fe-aba0-da5c96c9c17a/anim=false,width=450/01641-3267170060-Game%20Icon%20Institute,%20Game%20Icon,%20National%20Style%20Architecture,%20Cherry%20Blossoms,%20Forest,%20Rainbow%20Colors,%20Beautiful,%20Reasonable%20Stru.jpeg"
sd15_0007,"https://image.civitai.com/xG1nkqKTMzGDvpLrqFT7WA/188cec8f-a5e5-4984-b24e-32fbff87fec5/anim=false,width=450/02494-3345215470-mabuilding,%20no%20humans,%20outdoors,%20building,%20sky,%20tree,%20road,%20scenery,%20car,%20motor%20vehicle,%20blue%20sky,%20real%20world%20location,%20ground%20v.jpeg"
sd15_0007,"https://image.civitai.com/xG1nkqKTMzGDvpLrqFT7WA/7aa5900c-d0a7-4c9a-ae9c-91a871cf7e3b/anim=false,width=450/02493-3565450130-mabuilding,.jpeg"
sd15_0007,"https://image.civitai.com/xG1nkqKTMzGDvpLrqFT7WA/4784813f-0c8b-4fca-87ed-d693e19726da/anim=false,width=450/02495-2654520426-mabuilding,%20tree,%20outdoors,%20ground%20vehicle,%20motor%20vehicle,%20sky,%20scenery,%20road,%20building,%20car,%20street,%20window,%20lamppost,%20day,%20blu.jpeg"
sd15_0007,"https://image.civitai.com/xG1nkqKTMzGDvpLrqFT7WA/9cc4913f-02eb-4ce3-ac82-5d86b55c4625/anim=false,width=450/02496-2549922276-mabuilding,%20car,%20outdoors,%20sky,%20motor%20vehicle,%20no%20humans,%20tree,%20building,%20lamppost,%20ground%20vehicle,%20road,%20scenery,%20cloud,%20crossw.jpeg"
sd15_0007,"https://image.civitai.com/xG1nkqKTMzGDvpLrqFT7WA/54c63924-14da-4f27-8436-a8464195d15c/anim=false,width=450/02498-4165505045-mabuilding,%20no%20humans,%20tree,%20outdoors,%20motor%20vehicle,%20road,%20car,%20ground%20vehicle,%20scenery,%20sky,%20building,%20blue%20sky,%20street,%20day,.jpeg"
sd15_0007,"https://image.civitai.com/xG1nkqKTMzGDvpLrqFT7WA/530b4ae8-d926-43f9-99d5-675de46973d5/anim=false,width=450/02499-3113104584-masterpiece,best%20quality,mabuilding,%20car,%20motor%20vehicle,%20ground%20vehicle,%20tree,%20outdoors,%20road,%20scenery,%20building,%20sky,%20street,%20l.jpeg"
sd15_0007,"https://image.civitai.com/xG1nkqKTMzGDvpLrqFT7WA/8d18a140-7aa2-46f1-9879-7f8901dce787/anim=false,width=450/02497-417121576-mabuilding,%20car,%20no%20humans,%20motor%20vehicle,%20ground%20vehicle,%20road,%20scenery,%20building,%20lamppost,%20outdoors,%20sky,%20street,%20tree,%20city,.jpeg"
sd15_0008,"https://image.civitai.com/xG1nkqKTMzGDvpLrqFT7WA/79d4f42c-11f7-4bdc-93de-c1c4bcb702fd/anim=false,width=450/00129-1213940230.jpeg"
sd15_0008,"https://image.civitai.com/xG1nkqKTMzGDvpLrqFT7WA/49d33d4e-e79a-40ee-b098-d5350e3c077e/anim=false,width=450/00225-4083948980.jpeg"
sd15_0008,"https://image.civitai.com/xG1nkqKTMzGDvpLrqFT7WA/72ed37e2-65de-4dcc-ba82-840900b81179/anim=false,width=450/00219-3160032331.jpeg"
sd15_0008,"https://image.civitai.com/xG1nkqKTMzGDvpLrqFT7WA/d0e94d76-2b25-46ff-b468-94d03509b256/anim=false,width=450/00217-3160032329.jpeg"
sd15_0008,"https://image.civitai.com/xG1nkqKTMzGDvpLrqFT7WA/7b2bafa5-fc0d-4fd0-b9b2-b6fa7d58e155/anim=false,width=450/00216-3160032328.jpeg"
sd15_0008,"https://image.civitai.com/xG1nkqKTMzGDvpLrqFT7WA/beca4e45-bd81-4519-a798-04c748eef4ae/anim=false,width=450/00135-2754561966.jpeg"
sd15_0008,"https://image.civitai.com/xG1nkqKTMzGDvpLrqFT7WA/b7c9aec4-c3f2-423f-a6c9-4cd953b3b20c/anim=false,width=450/00101-3493168434.jpeg"
sd15_0009,"https://image.civitai.com/xG1nkqKTMzGDvpLrqFT7WA/dccb8717-07e9-4710-a16f-40f942a53b75/anim=false,width=450/00086-553010720.jpeg"
sd15_0009,"https://image.civitai.com/xG1nkqKTMzGDvpLrqFT7WA/a3ced6da-a464-4847-baa8-00459a802dbe/anim=false,width=450/00093-2126993149.jpeg"
sd15_0009,"https://image.civitai.com/xG1nkqKTMzGDvpLrqFT7WA/e6d03af9-3354-44a9-9786-4b4096de35b4/anim=false,width=450/00094-97225880.jpeg"
sd15_0009,"https://image.civitai.com/xG1nkqKTMzGDvpLrqFT7WA/276a4b6a-5e61-4896-bf87-9e95c50ce638/anim=false,width=450/00098-3270991249.jpeg"
sd15_0010,"https://image.civitai.com/xG1nkqKTMzGDvpLrqFT7WA/c4bf7835-3d5f-4939-ad54-b08cc1a19c14/anim=false,width=450/00178-2324460468.jpeg"
sd15_0010,"https://image.civitai.com/xG1nkqKTMzGDvpLrqFT7WA/b2eb763b-7f29-43c1-a322-fda294be5ce4/anim=false,width=450/00120-61422493%20(1).jpeg"
sd15_0010,"https://image.civitai.com/xG1nkqKTMzGDvpLrqFT7WA/a02ce0fc-10da-4d64-b022-669900bf18e3/anim=false,width=450/00207-1574557417.jpeg"
sd15_0011,"https://image.civitai.com/xG1nkqKTMzGDvpLrqFT7WA/8e00da74-194b-4d8d-c1f7-79b138481e00/anim=false,width=450/248031.jpeg"
sd15_0011,"https://image.civitai.com/xG1nkqKTMzGDvpLrqFT7WA/cdf91c51-0790-49f3-2b27-cbce8cb7db00/anim=false,width=450/248030.jpeg"
sd15_0011,"https://image.civitai.com/xG1nkqKTMzGDvpLrqFT7WA/7e09fa4c-38e3-4b54-2eb6-c3c7fdb56200/anim=false,width=450/248029.jpeg"
sd15_0011,"https://image.civitai.com/xG1nkqKTMzGDvpLrqFT7WA/035ab9f3-9461-4919-19bc-1a8868693600/anim=false,width=450/268291.jpeg"
sd15_0011,"https://image.civitai.com/xG1nkqKTMzGDvpLrqFT7WA/c8b60bcd-5df2-4ced-41fa-bd38ea4f7300/anim=false,width=450/268290.jpeg"
sd15_0011,"https://image.civitai.com/xG1nkqKTMzGDvpLrqFT7WA/6a8a647e-96b6-48a9-2fa6-8283fed22300/anim=false,width=450/268289.jpeg"
sd15_0011,"https://image.civitai.com/xG1nkqKTMzGDvpLrqFT7WA/d3f2fa01-25d3-4118-4a6e-1fdaccfd1000/anim=false,width=450/239976.jpeg"
sd15_0011,"https://image.civitai.com/xG1nkqKTMzGDvpLrqFT7WA/8a5f2ee3-2f0b-43b9-b930-760d3ac85d00/anim=false,width=450/239978.jpeg"
sd15_0012,"https://image.civitai.com/xG1nkqKTMzGDvpLrqFT7WA/630ce1da-f9ee-47a8-ad9e-07d245b38200/anim=false,width=450/247979.jpeg"
sd15_0012,"https://image.civitai.com/xG1nkqKTMzGDvpLrqFT7WA/effb90eb-0c2b-4289-f8aa-8deaae8e4400/anim=false,width=450/248032.jpeg"
sd15_0012,"https://image.civitai.com/xG1nkqKTMzGDvpLrqFT7WA/b098c23b-69f2-4c9c-923a-2d0e58199300/anim=false,width=450/248033.jpeg"
sd15_0013,"https://image.civitai.com/xG1nkqKTMzGDvpLrqFT7WA/3a6002e2-de24-498a-91cc-3b4c4f8ad268/anim=false,width=450/townhousev4.jpeg"
sd15_0013,"https://image.civitai.com/xG1nkqKTMzGDvpLrqFT7WA/b16f6147-c23d-4290-9cf7-c24b59e37ab4/anim=false,width=450/00080-3081168442.jpeg"
sd15_0013,"https://image.civitai.com/xG1nkqKTMzGDvpLrqFT7WA/c8686ffc-01a0-4952-b90e-66b4f7527d76/anim=false,width=450/00103-635856864.jpeg"
sd15_0017,"https://image.civitai.com/xG1nkqKTMzGDvpLrqFT7WA/dfa9b56c-7e2b-4b83-9e40-bdbc7b25d30d/anim=false,width=450/tmpnwaen0sm.jpeg"
sd15_0017,"https://image.civitai.com/xG1nkqKTMzGDvpLrqFT7WA/4a57bd40-cabe-4956-bbcb-e29b7f3b855b/anim=false,width=450/00010-2240113879.jpeg"
sd15_0017,"https://image.civitai.com/xG1nkqKTMzGDvpLrqFT7WA/ffa57ef9-8350-4a66-900c-434f191f2d35/anim=false,width=450/00037-1454133101.jpeg"
sd15_0017,"https://image.civitai.com/xG1nkqKTMzGDvpLrqFT7WA/ce1e62d3-a84e-433c-8687-dc74b5d22366/anim=false,width=450/00105-1083898325.jpeg"
sd15_0018,"https://image.civitai.com/xG1nkqKTMzGDvpLrqFT7WA/018630b7-d75a-4f48-99e2-0bea38086f7b/anim=false,width=450/Thi%E1%BA%BFt%20k%E1%BA%BF%20ch%C6%B0a%20c%C3%B3%20t%C3%AAn%20(14).jpeg"
sd15_0018,"https://image.civitai.com/xG1nkqKTMzGDvpLrqFT7WA/c55d8f63-d4c3-4a3e-b9c9-df33920e3a58/anim=false,width=450/Thi%E1%BA%BFt%20k%E1%BA%BF%20ch%C6%B0a%20c%C3%B3%20t%C3%AAn%20(15).jpeg"
sd15_0018,"https://image.civitai.com/xG1nkqKTMzGDvpLrqFT7WA/af16c6f8-a820-4364-87f5-ef30d042b564/anim=false,width=450/Thi%E1%BA%BFt%20k%E1%BA%BF%20ch%C6%B0a%20c%C3%B3%20t%C3%AAn%20(16).jpeg"
sd15_0019,"https://image.civitai.com/xG1nkqKTMzGDvpLrqFT7WA/9bc97dc1-d316-4ef2-9de0-769b173984a2/anim=false,width=450/z4464325405036_892fac7dcda5614ace91e852d1845d94.jpeg"
sd15_0019,"https://image.civitai.com/xG1nkqKTMzGDvpLrqFT7WA/eae81dc3-c1d9-4588-9a3a-a9a7850a7168/anim=false,width=450/00005-3153880744.jpeg"
sd15_0019,"https://image.civitai.com/xG1nkqKTMzGDvpLrqFT7WA/43adc12d-23a0-45af-8c06-e6ae57713026/anim=false,width=450/00007-1789981712.0.jpeg"
sd15_0020,"https://image.civitai.com/xG1nkqKTMzGDvpLrqFT7WA/63cc4c45-b1c2-4f44-af4e-7c9a42f7758a/anim=false,width=450/00009-42186013.jpeg"
sd15_0020,"https://image.civitai.com/xG1nkqKTMzGDvpLrqFT7WA/b0abcb74-4d96-4efa-9d75-a27445e038cd/anim=false,width=450/00022-2230631321.jpeg"
sd15_0020,"https://image.civitai.com/xG1nkqKTMzGDvpLrqFT7WA/d18d204b-f284-489b-9099-31cdba460383/anim=false,width=450/00006-2019848244.jpeg"
sd15_0021,"https://image.civitai.com/xG1nkqKTMzGDvpLrqFT7WA/b433660b-1e35-4d79-a467-8dcc7ce1aba3/anim=false,width=450/00036-3036944709.jpeg"
sd15_0021,"https://image.civitai.com/xG1nkqKTMzGDvpLrqFT7WA/14c4c711-1862-4ea1-8281-973fa84d79d5/anim=false,width=450/00038-3684263109.jpeg"
sd15_0021,"https://image.civitai.com/xG1nkqKTMzGDvpLrqFT7WA/7aaad7cc-65f8-4e35-88de-85aa56c0d343/anim=false,width=450/00045-2947628305.jpeg"
sd15_0021,"https://image.civitai.com/xG1nkqKTMzGDvpLrqFT7WA/d23b4c94-0f1e-4353-ab08-6c521b7c08f7/anim=false,width=450/00046-2947628306.jpeg"
sd15_0021,"https://image.civitai.com/xG1nkqKTMzGDvpLrqFT7WA/13f787a4-394f-4ab0-9020-8eee826c1120/anim=false,width=450/00048-4146640205.jpeg"
sd15_0022,"https://image.civitai.com/xG1nkqKTMzGDvpLrqFT7WA/fc3c0e84-caab-42f7-aa58-f98e35e89797/anim=false,width=450/00134-1.jpeg"
sd15_0022,"https://image.civitai.com/xG1nkqKTMzGDvpLrqFT7WA/70041d98-3c77-4906-bf38-23cbc07d5cdf/anim=false,width=450/00139-1.jpeg"
sd15_0022,"https://image.civitai.com/xG1nkqKTMzGDvpLrqFT7WA/753e105d-e907-4385-9161-0276167a356d/anim=false,width=450/00167-1.jpeg"
sd15_0022,"https://image.civitai.com/xG1nkqKTMzGDvpLrqFT7WA/05f3c40a-3978-47b2-a5d8-575df0433146/anim=false,width=450/00182-1.jpeg"
sd15_0022,"https://image.civitai.com/xG1nkqKTMzGDvpLrqFT7WA/34e15364-617a-476a-844f-3f5039439cc4/anim=false,width=450/00147-1.jpeg"
sd15_0023,"https://image.civitai.com/xG1nkqKTMzGDvpLrqFT7WA/5af99ba3-5b63-4449-930c-571829e2c514/anim=false,width=450/00031-3610127161.jpeg"
sd15_0023,"https://image.civitai.com/xG1nkqKTMzGDvpLrqFT7WA/30d99cc8-7ad8-49b9-89e6-a5ef9bdbef7f/anim=false,width=450/00033-223549108.jpeg"
sd15_0023,"https://image.civitai.com/xG1nkqKTMzGDvpLrqFT7WA/0f2782c0-9f6f-4067-914a-dc4afa2d5491/anim=false,width=450/00030-1083632319.jpeg"
sd15_0024,"https://image.civitai.com/xG1nkqKTMzGDvpLrqFT7WA/fd6b83ca-f0e5-40fc-aae8-6731d046d5bd/anim=false,width=450/00005-506147108.jpeg"
sd15_0024,"https://image.civitai.com/xG1nkqKTMzGDvpLrqFT7WA/0e4219af-4941-4bad-8e32-ef73aed8980a/anim=false,width=450/00009-1585690523.jpeg"
sd15_0024,"https://image.civitai.com/xG1nkqKTMzGDvpLrqFT7WA/55602cdd-1d59-4aa6-a8e9-02946ada1e4c/anim=false,width=450/00011-3191628480.jpeg"
sd15_0024,"https://image.civitai.com/xG1nkqKTMzGDvpLrqFT7WA/a7c99a62-6dc3-4df0-b63d-1d7122cbf123/anim=false,width=450/00021-1609013808.jpeg"
sd15_0024,"https://image.civitai.com/xG1nkqKTMzGDvpLrqFT7WA/e88680e0-1a99-4c95-92c6-545ef5c1cc4f/anim=false,width=450/00022-4152795048.jpeg"
sd15_0024,"https://image.civitai.com/xG1nkqKTMzGDvpLrqFT7WA/d9d729c4-27d4-4eaa-a2b1-92905df541c1/anim=false,width=450/00053-1004219262.jpeg"
sd15_0024,"https://image.civitai.com/xG1nkqKTMzGDvpLrqFT7WA/33a95eea-2978-4887-abc6-93bbf3435d46/anim=false,width=450/00008-858608927.jpeg"
sd15_0024,"https://image.civitai.com/xG1nkqKTMzGDvpLrqFT7WA/42ba4fdf-569c-437a-af31-5c119bb71e09/anim=false,width=450/00016-2531351283.jpeg"
sd15_0024,"https://image.civitai.com/xG1nkqKTMzGDvpLrqFT7WA/11b4fb40-0c72-4ac2-a414-635d9e2f5362/anim=false,width=450/00023-3478237922.jpeg"
sd15_0024,"https://image.civitai.com/xG1nkqKTMzGDvpLrqFT7WA/d4e7d2e6-ecf9-4d0f-9da5-ad5feaf7e112/anim=false,width=450/00025-1690812271.0.jpeg"
sd15_0024,"https://image.civitai.com/xG1nkqKTMzGDvpLrqFT7WA/ca718e91-e6d9-4f8b-8092-f6bb7aa348ef/anim=false,width=450/00035-1365059262.jpeg"
sd15_0024,"https://image.civitai.com/xG1nkqKTMzGDvpLrqFT7WA/1fcef5fa-ebf3-40d5-a5e6-30847772fa76/anim=false,width=450/00034-2172125009.jpeg"
sd15_0025,"https://image.civitai.com/xG1nkqKTMzGDvpLrqFT7WA/7aeed50c-1fb4-45c8-aeb0-d90dfd7f7187/anim=false,width=450/41030-2223288461.jpeg"
sd15_0025,"https://image.civitai.com/xG1nkqKTMzGDvpLrqFT7WA/5b75cd34-954f-4826-bfb6-a2251365d230/anim=false,width=450/41046-1378579950.jpeg"
sd15_0025,"https://image.civitai.com/xG1nkqKTMzGDvpLrqFT7WA/f2b3c700-9f34-4e56-baed-246120fdce3f/anim=false,width=450/41058-3900566040.jpeg"
sd15_0025,"https://image.civitai.com/xG1nkqKTMzGDvpLrqFT7WA/584d1bc2-fe8c-4599-a6a3-421f8460693d/anim=false,width=450/41032-3964434040.jpeg"
sd15_0025,"https://image.civitai.com/xG1nkqKTMzGDvpLrqFT7WA/d8d2d3e2-51e3-4bc5-b410-785b7d22cf11/anim=false,width=450/41033-1821492399.jpeg"
sd15_0025,"https://image.civitai.com/xG1nkqKTMzGDvpLrqFT7WA/7fdfd401-6297-4f0d-95b8-1f13bec44571/anim=false,width=450/41041-4169440308.jpeg"
sd15_0025,"https://image.civitai.com/xG1nkqKTMzGDvpLrqFT7WA/212b9430-43bc-4d28-9052-4bfa843ef553/anim=false,width=450/41043-1133216597.jpeg"
sd15_0025,"https://image.civitai.com/xG1nkqKTMzGDvpLrqFT7WA/f61f3437-3e1c-4327-bf00-2df0949100b6/anim=false,width=450/41002-418761223.jpeg"
sd15_0026,"https://image.civitai.com/xG1nkqKTMzGDvpLrqFT7WA/f2cb7fb7-736a-467f-9afe-f8ae645c5ce4/anim=false,width=450/61066-288686516.jpeg"
sd15_0026,"https://image.civitai.com/xG1nkqKTMzGDvpLrqFT7WA/6140623a-69a9-4845-bbcc-b195256a6a50/anim=false,width=450/61063-1719771606.jpeg"
sd15_0026,"https://image.civitai.com/xG1nkqKTMzGDvpLrqFT7WA/6328cdbb-ddd1-4515-97ce-624f63df2774/anim=false,width=450/61064-2204438049.jpeg"
sd15_0026,"https://image.civitai.com/xG1nkqKTMzGDvpLrqFT7WA/3b4259d7-e7fa-410f-8aea-31ee755d7a58/anim=false,width=450/61081-3954129663.jpeg"
sd15_0026,"https://image.civitai.com/xG1nkqKTMzGDvpLrqFT7WA/7b8b35a5-7710-44f3-9cb5-6511167258e6/anim=false,width=450/61078-4001811064.jpeg"
sd15_0026,"https://image.civitai.com/xG1nkqKTMzGDvpLrqFT7WA/1a73a342-5e00-4638-a8c8-2b06b2939ccf/anim=false,width=450/61092-3969235635.jpeg"
sd15_0026,"https://image.civitai.com/xG1nkqKTMzGDvpLrqFT7WA/9073ebfe-74ac-4e34-8f43-28d472903af5/anim=false,width=450/61099-654931638.jpeg"
sd15_0026,"https://image.civitai.com/xG1nkqKTMzGDvpLrqFT7WA/2671241a-88f0-48a9-8295-ce22fcd349a6/anim=false,width=450/61103-3275264421.jpeg"
sd15_0026,"https://image.civitai.com/xG1nkqKTMzGDvpLrqFT7WA/18ecc7f9-9739-459c-977b-12e14ab5b9b6/anim=false,width=450/61102-2582186606.jpeg"
sd15_0027,"https://image.civitai.com/xG1nkqKTMzGDvpLrqFT7WA/47093aca-0e39-4233-adf2-5046bee6ccab/anim=false,width=450/00014-3173586094.jpeg"
sd15_0027,"https://image.civitai.com/xG1nkqKTMzGDvpLrqFT7WA/124fac8b-047b-4652-af82-1d4c4927531e/anim=false,width=450/00006-1529466386.jpeg"
sd15_0027,"https://image.civitai.com/xG1nkqKTMzGDvpLrqFT7WA/c56850ae-74f7-43c6-afb1-1505e67866e3/anim=false,width=450/00002-3229357734.jpeg"
sd15_0027,"https://image.civitai.com/xG1nkqKTMzGDvpLrqFT7WA/63a82ba4-ab12-49ea-b4f6-bde08e21010c/anim=false,width=450/00079-1662101914.jpeg"
sd15_0028,"https://image.civitai.com/xG1nkqKTMzGDvpLrqFT7WA/61d21e04-60b0-4036-a42a-3f2c87b15a9e/anim=false,width=450/4bd582b61d6a8af5170d53815614f019dea38f9429f36b30954ae8e0dfa73679.jpeg"
sd15_0028,"https://image.civitai.com/xG1nkqKTMzGDvpLrqFT7WA/e38b3058-d47b-4f52-bcaf-08826fd96711/anim=false,width=450/bce9975750986af6c56d6aa232d81dd65809ddff8faec4fe2c6672c983926ceb.jpeg"
sd15_0028,"https://image.civitai.com/xG1nkqKTMzGDvpLrqFT7WA/89126f7b-bdff-4c66-8d45-36238e9b8fff/anim=false,width=450/ca420a8c2decc18e0764b2f86355039fab992df39a9964e8e8fa575b7cb8c8a7.jpeg"
sd15_0028,"https://image.civitai.com/xG1nkqKTMzGDvpLrqFT7WA/22668d86-6d92-43f6-94b6-44b41ec13c9e/anim=false,width=450/3b6ed2740249afc483c1bd9c10b54b8e5b0e8da197c92f532569815807928711.jpeg"
sd15_0028,"https://image.civitai.com/xG1nkqKTMzGDvpLrqFT7WA/675c683e-12ab-44e9-a940-1e7f4ff1f0c4/anim=false,width=450/509374a44cb06eb076973a8f64c3c6d90b6937c2e940ebd86527bf1071ba369c.jpeg"
sd15_0028,"https://image.civitai.com/xG1nkqKTMzGDvpLrqFT7WA/99d164bb-10cc-42b5-8666-b3fff8ea978a/anim=false,width=450/f8677dc6182af3c106042992602c79352f99ab8a55f10c190a381c884bdb8c6c.jpeg"
sd15_0028,"https://image.civitai.com/xG1nkqKTMzGDvpLrqFT7WA/eb23a63c-4772-49c1-9829-eab8fdb91078/anim=false,width=450/b191601cce4746ebeca6f55dc78554e02a812c3877d99b828bf1f0168fc832a3.jpeg"
sd15_0028,"https://image.civitai.com/xG1nkqKTMzGDvpLrqFT7WA/e9f172ce-ab1b-4c74-a349-f88c4c5461e1/anim=false,width=450/5f5a3698d281f72c687ff6cbad59394e0387c9e3bae9a985cb587c07eb2713ae.jpeg"
sd15_0029,"https://image.civitai.com/xG1nkqKTMzGDvpLrqFT7WA/4c548f79-8f56-4d5f-a4cd-4bb50f08074e/anim=false,width=450/01518-2302188645-auroral,reflection,%20scenery,%20sky,%20star%20_(sky_),%20no%20humans,%20mountain,%20starry%20sky,%20outdoors,%20night,%20night%20sky,%20water,%20lake%20%20_lora_%20(1).jpeg"
sd15_0030,"https://image.civitai.com/xG1nkqKTMzGDvpLrqFT7WA/ef6bb5f8-4ab2-4775-8979-10dafaa21901/anim=false,width=450/00739-1326440668-electronic%20light%EF%BC%8Clightning,%20star%20_(sky_),%20starry%20sky,%20cloud,%20constellation,%20city%20lights,%20starry%20sky%20print,%20planet,%20fireworks,%20ca.jpeg"
sd15_0030,"https://image.civitai.com/xG1nkqKTMzGDvpLrqFT7WA/e28c0ea8-348f-4cdc-a983-f7c08ec99d7b/anim=false,width=450/00737-3116011836-electronic%20light%EF%BC%8Clightning,%20star%20_(sky_),%20starry%20sky,%20cloud,%20constellation,%20city%20lights,%20starry%20sky%20print,%20planet,%20fireworks,%20ca.jpeg"
sd15_0030,"https://image.civitai.com/xG1nkqKTMzGDvpLrqFT7WA/e2c7e542-17ed-4e44-bd1a-56ee8715dcc2/anim=false,width=450/00738-1308800189-electronic%20light%EF%BC%8Clightning,%20star%20_(sky_),%20starry%20sky,%20cloud,%20constellation,%20city%20lights,%20starry%20sky%20print,%20planet,%20fireworks,%20ca.jpeg"
sd15_0031,"https://image.civitai.com/xG1nkqKTMzGDvpLrqFT7WA/31a4967f-9610-4ff9-89b3-7a47c0cc688b/anim=false,width=450/00044-847893373-aurora%EF%BC%8Cglaciers,no%20cloud,ice.jpeg"
sd15_0031,"https://image.civitai.com/xG1nkqKTMzGDvpLrqFT7WA/03f74876-6f1d-47e7-bc13-8d1c3bcc99c2/anim=false,width=450/00043-859315277-aurora%EF%BC%8Cglaciers,no%20cloud,ice.jpeg"
sd15_0032,"https://image.civitai.com/xG1nkqKTMzGDvpLrqFT7WA/929e0378-f1a0-4da5-aa7b-1257e117ac5c/anim=false,width=450/00427-2029139532-nohumans,blurry,reflection,bug,extraeyes,depthoffield,blurrybackground,animal%EF%BC%8Clakenight%EF%BC%8Csiverbackground%EF%BC%8Chighqua.jpeg"
sd15_0032,"https://image.civitai.com/xG1nkqKTMzGDvpLrqFT7WA/02961dc1-5109-4bb4-9081-a3fbea65ef1e/anim=false,width=450/00428-2029139533-nohumans,blurry,reflection,bug,extraeyes,depthoffield,blurrybackground,animal%EF%BC%8Clakenight%EF%BC%8Csiverbackground%EF%BC%8Chighqua.jpeg"
sd15_0032,"https://image.civitai.com/xG1nkqKTMzGDvpLrqFT7WA/ba6bbf32-8b03-4430-8b6f-38cd97fe3bb8/anim=false,width=450/00430-2753261092-nohumans,blurry,reflection,bug,extraeyes,depthoffield,blurrybackground,animal%EF%BC%8Clightbackground%EF%BC%8Chighquality.jpeg"
sd15_0033,"https://image.civitai.com/xG1nkqKTMzGDvpLrqFT7WA/62a793fe-04ac-4865-b162-b0a4fb099840/anim=false,width=450/00079-4210862568-green%20light,cloud.start.jpeg"
sd15_0034,"https://image.civitai.com/xG1nkqKTMzGDvpLrqFT7WA/93963125-6dc9-4dc7-ba51-b54d82e3f812/anim=false,width=450/03449-824859475-cloudtunne,cloud,%20%20%20train,%20%20colorful,(masterpiece_1,2),%20best%20quality,%20extremely%20detailed%20cg%208k%20wallpaper,%20best%20quality,%20masterpi.jpeg"
sd15_0034,"https://image.civitai.com/xG1nkqKTMzGDvpLrqFT7WA/0ba06533-e43a-45aa-9715-e09c6774a64c/anim=false,width=450/03424-1866175771-cloudtunne,cloud,%20masterpiece,%20best%20quality,%20tunnel%20in%20sky,ship%20on%20cloud.jpeg"
sd15_0034,"https://image.civitai.com/xG1nkqKTMzGDvpLrqFT7WA/c5040ba0-11ec-4f07-80b0-863472642e4c/anim=false,width=450/03419-3350477879-car%20,cloudtunnel,%20tunnel,cloud,%20masterpiece,%20best%20quality,.jpeg"
sd15_0034,"https://image.civitai.com/xG1nkqKTMzGDvpLrqFT7WA/a6aa699b-67e6-4790-be20-c981fb233e4f/anim=false,width=450/03438-794596101-cloudtunne,cloud,%20masterpiece,%20best%20quality,%20%20train,.jpeg"
sd15_0035,"https://image.civitai.com/xG1nkqKTMzGDvpLrqFT7WA/546ddd31-f39c-4db2-a76f-1185e632c614/anim=false,width=450/00399-993429311-tornado,%20realistic%20%20purple.jpeg"
sd15_0035,"https://image.civitai.com/xG1nkqKTMzGDvpLrqFT7WA/4db44e04-370b-4ce4-854b-14eddd93d2c8/anim=false,width=450/00393-993429311-tornado,%20realistic.jpeg"
sd15_0035,"https://image.civitai.com/xG1nkqKTMzGDvpLrqFT7WA/edb47220-419b-4548-8b3f-c2862dd28bc4/anim=false,width=450/00395-993429311-tornado,%20realistic%20%20purple.jpeg"
sd15_0036,"https://image.civitai.com/xG1nkqKTMzGDvpLrqFT7WA/9b4e03cb-f66a-411e-8b66-9906376f10c3/anim=false,width=450/00000-2007192205.jpeg"
sd15_0036,"https://image.civitai.com/xG1nkqKTMzGDvpLrqFT7WA/570ca89b-145f-41a2-b0f4-0bcfdeb4526b/anim=false,width=450/00001-1296517681.jpeg"
sd15_0036,"https://image.civitai.com/xG1nkqKTMzGDvpLrqFT7WA/fe937b80-c843-4967-ae81-184ae6ff0098/anim=false,width=450/00002-4240366515.jpeg"
sd15_0036,"https://image.civitai.com/xG1nkqKTMzGDvpLrqFT7WA/73771ba5-6d2a-4142-ae4e-93cabb405a4f/anim=false,width=450/00003-2439639533.jpeg"
sd15_0036,"https://image.civitai.com/xG1nkqKTMzGDvpLrqFT7WA/f6452e2b-746a-4fd4-aa99-84006cfc4932/anim=false,width=450/00005-3109137247.jpeg"
sd15_0036,"https://image.civitai.com/xG1nkqKTMzGDvpLrqFT7WA/5cdb77e3-d864-4ac0-97f4-30cb56ddfeee/anim=false,width=450/00006-3195099576.jpeg"
sd15_0036,"https://image.civitai.com/xG1nkqKTMzGDvpLrqFT7WA/98933556-cbf5-4e1a-ad92-5288b5298b43/anim=false,width=450/00004-1656451727.jpeg"
sd15_0037,"https://image.civitai.com/xG1nkqKTMzGDvpLrqFT7WA/3e353df3-ea27-41fc-b21f-f59fcdd1d318/anim=false,width=450/02058-641811455-ripples,%20%20wave,%20water%20drop,%20neon,siver,%20sand.jpeg"
sd15_0037,"https://image.civitai.com/xG1nkqKTMzGDvpLrqFT7WA/22e2a40d-c1f3-489f-a807-3b18920d3a3c/anim=false,width=450/02060-2146190206-ripples,%20%20wave,%20water%20drop,%20neon,siver,%20sand,1%201girl,.jpeg"
sd15_0037,"https://image.civitai.com/xG1nkqKTMzGDvpLrqFT7WA/8e9c1f5a-3fd9-49d0-b8b6-924fd2e546fc/anim=false,width=450/02061-1698942258-ripples,%20%20wave,%20water%20drop,%20neon,siver,%20sand,1%201girl,.jpeg"
sd15_0037,"https://image.civitai.com/xG1nkqKTMzGDvpLrqFT7WA/3e353df3-ea27-41fc-b21f-f59fcdd1d318/anim=false,width=450/02058-641811455-ripples,%20%20wave,%20water%20drop,%20neon,siver,%20sand.jpeg"
sd15_0037,"https://image.civitai.com/xG1nkqKTMzGDvpLrqFT7WA/f2017b7a-4b7c-45ae-b654-e539f9629787/anim=false,width=450/02063-3325498570-1%20girl,ripples,%20%20wave,%20water%20drop,%20neon,siver,%20sand.jpeg"
sd15_0038,"https://image.civitai.com/xG1nkqKTMzGDvpLrqFT7WA/fbe18ce8-36e8-4a65-b511-44076f77f313/anim=false,width=450/00036-1702568591.jpeg"
sd15_0038,"https://image.civitai.com/xG1nkqKTMzGDvpLrqFT7WA/4206d2ec-ddd6-4b8e-9cd4-c3c870e8abd5/anim=false,width=450/00037-449216468.jpeg"
sd15_0038,"https://image.civitai.com/xG1nkqKTMzGDvpLrqFT7WA/f3471022-dd81-47cd-b2f8-e19adab86dc3/anim=false,width=450/00055-1087354987.jpeg"
sd15_0038,"https://image.civitai.com/xG1nkqKTMzGDvpLrqFT7WA/6a4ba332-2133-4eab-9b28-73c14fc64f51/anim=false,width=450/00048-3288928019.jpeg"
sd15_0038,"https://image.civitai.com/xG1nkqKTMzGDvpLrqFT7WA/af16c887-7c2c-43ed-b285-88502aec5446/anim=false,width=450/00065-673495713.jpeg"
sd15_0038,"https://image.civitai.com/xG1nkqKTMzGDvpLrqFT7WA/40a75ac6-dc45-4c94-95cc-85ff74d932e6/anim=false,width=450/00066-1975754160.jpeg"
sd15_0039,"https://image.civitai.com/xG1nkqKTMzGDvpLrqFT7WA/67ddf324-30df-4611-abb6-83fac2b4b096/anim=false,width=450/01334-3683581526-Ultra-realistic%208k%20CG,masterpiece,best%20quality,(photorealistic_1.2),HDR,RAW%20photo,%20(film%20grain_1.1),%20((Depth%20of%20field)),(looking.jpeg"
sd15_0039,"https://image.civitai.com/xG1nkqKTMzGDvpLrqFT7WA/4ede4073-954f-4ca6-92a0-dcfa19c83529/anim=false,width=450/01290-956082693-Ultra-realistic%208k%20CG,masterpiece,best%20quality,(photorealistic_1.2),HDR,RAW%20photo,(film%20grain_1.1),((Depth%20of%20field)),(looking%20a.jpeg"
sd15_0039,"https://image.civitai.com/xG1nkqKTMzGDvpLrqFT7WA/ca6f0fe8-a8bd-4279-a5f1-f337af7c2fc1/anim=false,width=450/01333-955870676-Ultra-realistic%208k%20CG,masterpiece,best%20quality,(photorealistic_1.2),HDR,RAW%20photo,%20(film%20grain_1.1),%20((Depth%20of%20field)),(looking.jpeg"
sd15_0039,"https://image.civitai.com/xG1nkqKTMzGDvpLrqFT7WA/06253364-1f43-4c8a-9ca8-fa46bc5c82cb/anim=false,width=450/01335-2775449717-Ultra-realistic%208k%20CG,masterpiece,best%20quality,(photorealistic_1.2),HDR,RAW%20photo,%20(film%20grain_1.1),%20((Depth%20of%20field)),(looking.jpeg"
sd15_0039,"https://image.civitai.com/xG1nkqKTMzGDvpLrqFT7WA/30cfafb4-eda8-40fb-85f7-ca1c9ac7bbf9/anim=false,width=450/01321-4228901180-masterpiece,%20best%20quality,(photorealistic_1.2),HDR,%208K,%20RAW%20photo,%20depth%20of%20field,%20film%20grain,%20wrinkled%20skin,%20pale%20skin,%20dimly%20l.jpeg"
sd15_0039,"https://image.civitai.com/xG1nkqKTMzGDvpLrqFT7WA/8675818a-d1e1-475e-aed8-270f81d3cfcc/anim=false,width=450/01320-2436238666-masterpiece,%20best%20quality,(photorealistic_1.2),HDR,%208K,%20RAW%20photo,%20depth%20of%20field,%20film%20grain,%20wrinkled%20skin,%20pale%20skin,%20dimly%20l.jpeg"
sd15_0039,"https://image.civitai.com/xG1nkqKTMzGDvpLrqFT7WA/68eabbab-6809-4725-a725-385b4b2ea792/anim=false,width=450/01318-2534863505-masterpiece,%20best%20quality,(photorealistic_1.2),HDR,%208K,%20RAW%20photo,%20depth%20of%20field,%20film%20grain,%20wrinkled%20skin,%20pale%20skin,%20dimly%20l.jpeg"
sd15_0040,"https://image.civitai.com/xG1nkqKTMzGDvpLrqFT7WA/6237d283-88af-4b9d-894e-5a957e8b9f12/anim=false,width=450/00112-131761896.jpeg"
sd15_0040,"https://image.civitai.com/xG1nkqKTMzGDvpLrqFT7WA/93739182-3563-4060-b838-c79eafe66b72/anim=false,width=450/00098-2580107067.jpeg"
sd15_0040,"https://image.civitai.com/xG1nkqKTMzGDvpLrqFT7WA/be63acb9-3966-4765-8b7c-86364218b443/anim=false,width=450/00095-1491881841.jpeg"
sd15_0040,"https://image.civitai.com/xG1nkqKTMzGDvpLrqFT7WA/fd3a1126-b2d7-44a1-8740-d4d220381436/anim=false,width=450/00108-2182411269.jpeg"
sd15_0040,"https://image.civitai.com/xG1nkqKTMzGDvpLrqFT7WA/93d06db8-c433-4e43-86ab-92dccff09b93/anim=false,width=450/00109-4172631832.jpeg"
sd15_0040,"https://image.civitai.com/xG1nkqKTMzGDvpLrqFT7WA/c044c473-d5d9-4006-90fe-646f302eb5bd/anim=false,width=450/00113-3954651224.jpeg"
sd15_0041,"https://image.civitai.com/xG1nkqKTMzGDvpLrqFT7WA/927a0737-29ce-4c77-8792-b2a7b99c3769/anim=false,width=450/00295-415836599.jpeg"
sd15_0041,"https://image.civitai.com/xG1nkqKTMzGDvpLrqFT7WA/469a2e51-1c84-4f98-a7b9-0ea0b90a26e0/anim=false,width=450/00276-4019562501.jpeg"
sd15_0041,"https://image.civitai.com/xG1nkqKTMzGDvpLrqFT7WA/02d26ad1-2ce9-4077-97d3-ce814fcdec61/anim=false,width=450/00292-3195801424.jpeg"
sd15_0041,"https://image.civitai.com/xG1nkqKTMzGDvpLrqFT7WA/57fd699d-8527-4f25-8afa-6bc61336bfc2/anim=false,width=450/00288-1802655951.jpeg"
sd15_0041,"https://image.civitai.com/xG1nkqKTMzGDvpLrqFT7WA/10fc910d-994f-48e9-80b4-3f5ea61f20fa/anim=false,width=450/00293-3774805882.jpeg"
sd15_0042,"https://image.civitai.com/xG1nkqKTMzGDvpLrqFT7WA/2f9c9cd6-85fe-4470-bf76-a22f8af79a61/anim=false,width=450/00007-4235273552.jpeg"
sd15_0042,"https://image.civitai.com/xG1nkqKTMzGDvpLrqFT7WA/b0b2c301-d2e0-417e-99fb-49dc70182bec/anim=false,width=450/00012-2840090100.jpeg"
sd15_0042,"https://image.civitai.com/xG1nkqKTMzGDvpLrqFT7WA/a540d3d4-17cd-4378-b90a-33d5fb864e1b/anim=false,width=450/00022-988382421.jpeg"
sd15_0068,"https://image.civitai.com/xG1nkqKTMzGDvpLrqFT7WA/04a43bd2-a6f2-493f-ba86-c677fe642f00/anim=false,width=450/00149-444928557.jpeg"
sd15_0068,"https://image.civitai.com/xG1nkqKTMzGDvpLrqFT7WA/cfd1a48e-2b20-4287-cbcb-13fc5db59d00/anim=false,width=450/5.jpeg"
sd15_0068,"https://image.civitai.com/xG1nkqKTMzGDvpLrqFT7WA/f2baba41-1b34-49e4-5693-ffc449d3f500/anim=false,width=450/2.jpeg"
sd15_0068,"https://image.civitai.com/xG1nkqKTMzGDvpLrqFT7WA/786c9c8a-66ec-4cd2-8515-f9e88ec2fe00/anim=false,width=450/00235-1965860768.jpeg"
sd15_0068,"https://image.civitai.com/xG1nkqKTMzGDvpLrqFT7WA/52281eb7-f498-4ec5-02d5-2a4f9d399500/anim=false,width=450/00148-2406702376.jpeg"
sd15_0068,"https://image.civitai.com/xG1nkqKTMzGDvpLrqFT7WA/2d07ee38-bcfc-4b38-12fb-e535a1a45900/anim=false,width=450/00265-3446445648.jpeg"
sd15_0063,"https://image.civitai.com/xG1nkqKTMzGDvpLrqFT7WA/647132f6-f39e-4def-8e88-3a63ef758923/anim=false,width=450/01117-3858992545-A%20photo-realistic%20rendering%20charming%201%20girl,%20%20(Flower%20Blindfold),_%20full%20body,%20RAW%20photo,%20HDR,%20Film%20light,%20beautiful%20detailed%20eye.jpeg"
sd15_0063,"https://image.civitai.com/xG1nkqKTMzGDvpLrqFT7WA/da71b2c1-ff39-4ae3-bd28-57173d47fcd2/anim=false,width=450/01132-3858992560-A%20photo-realistic%20rendering%20charming%201%20girl,%20%20(Flower%20Blindfold),_%20full%20body,%20RAW%20photo,%20HDR,%20Film%20light,%20beautiful%20detailed%20eye.jpeg"
sd15_0063,"https://image.civitai.com/xG1nkqKTMzGDvpLrqFT7WA/0a7e9677-f28d-48d3-8688-2878360c832a/anim=false,width=450/01147-2550350027-A%20photo-realistic%20rendering%20charming%201%20girl,%20%20(Flower%20Blindfold),_%20full%20body,%20RAW%20photo,%20HDR,%20Film%20photo,%20beautiful%20detailed%20eye.jpeg"
sd15_0063,"https://image.civitai.com/xG1nkqKTMzGDvpLrqFT7WA/971a43d4-65f0-4cfa-911d-974f6276967d/anim=false,width=450/01135-3858992563-A%20photo-realistic%20rendering%20charming%201%20girl,%20%20(Flower%20Blindfold),_%20full%20body,%20RAW%20photo,%20HDR,%20Film%20light,%20beautiful%20detailed%20eye.jpeg"
sd15_0063,"https://image.civitai.com/xG1nkqKTMzGDvpLrqFT7WA/5af6672f-e727-4d12-a7ea-473e0147e434/anim=false,width=450/01175-2550350055-A%20photo-realistic%20rendering%20charming%201%20girl,%20%20(Flower%20Blindfold),_%20full%20body,%20RAW%20photo,%20HDR,%20Film%20photo,%20beautiful%20detailed%20eye.jpeg"
sd15_0063,"https://image.civitai.com/xG1nkqKTMzGDvpLrqFT7WA/3d8fccbd-1681-465c-aa25-aba13f6c02d3/anim=false,width=450/01193-2550350073-A%20photo-realistic%20rendering%20charming%201%20girl,%20%20(Flower%20Blindfold),_%20full%20body,%20RAW%20photo,%20HDR,%20Film%20photo,%20beautiful%20detailed%20eye.jpeg"
sd15_0064,"https://image.civitai.com/xG1nkqKTMzGDvpLrqFT7WA/66815a52-e51a-4f3b-a170-84cb6ef7b599/anim=false,width=450/ACEX.jpeg"
sd15_0064,"https://image.civitai.com/xG1nkqKTMzGDvpLrqFT7WA/69184c0a-b84e-4dfe-ad7b-eaa3971682ea/anim=false,width=450/AC1.jpeg"
sd15_0064,"https://image.civitai.com/xG1nkqKTMzGDvpLrqFT7WA/907de5bb-607e-436f-84eb-b86b6104dfb0/anim=false,width=450/AC2.jpeg"
sd15_0064,"https://image.civitai.com/xG1nkqKTMzGDvpLrqFT7WA/a40906c0-b9c6-4fb5-a81a-427142a08624/anim=false,width=450/AC3.jpeg"
sd15_0064,"https://image.civitai.com/xG1nkqKTMzGDvpLrqFT7WA/780ae3f2-90a4-4be7-baba-3cbc37f8ab40/anim=false,width=450/AC4.jpeg"
sd15_0064,"https://image.civitai.com/xG1nkqKTMzGDvpLrqFT7WA/a9618d19-731e-44c1-bf00-b5419c348ba7/anim=false,width=450/AC5.jpeg"
sd15_0064,"https://image.civitai.com/xG1nkqKTMzGDvpLrqFT7WA/96f78929-489e-41b0-970f-ef7e9e607dec/anim=false,width=450/ACPOV.jpeg"
sd15_0065,"https://image.civitai.com/xG1nkqKTMzGDvpLrqFT7WA/06fd974d-8784-4e07-94ff-27826c502900/anim=false,width=450/00001-123457.jpeg"
sd15_0065,"https://image.civitai.com/xG1nkqKTMzGDvpLrqFT7WA/a4318931-8fed-420e-6808-71a510f00400/anim=false,width=450/00004-123456.jpeg"
sd15_0065,"https://image.civitai.com/xG1nkqKTMzGDvpLrqFT7WA/b268dc3a-1d61-4778-4da1-ef4c9b98d400/anim=false,width=450/00015-123466.jpeg"
sd15_0065,"https://image.civitai.com/xG1nkqKTMzGDvpLrqFT7WA/ec88dc56-cf67-40aa-80ec-5b5bc3046d00/anim=false,width=450/00017-123459.jpeg"
sd15_0065,"https://image.civitai.com/xG1nkqKTMzGDvpLrqFT7WA/4f0a4070-136b-48fa-86f7-93b35da34700/anim=false,width=450/00018-123460.jpeg"
sd15_0065,"https://image.civitai.com/xG1nkqKTMzGDvpLrqFT7WA/67134b98-dfb1-4c6a-793b-f86382722a00/anim=false,width=450/00020-123462.jpeg"
sd15_0065,"https://image.civitai.com/xG1nkqKTMzGDvpLrqFT7WA/9d512d45-1ed8-4b62-1ce7-593a4fb75200/anim=false,width=450/00022-123464.jpeg"
sd15_0066,"https://image.civitai.com/xG1nkqKTMzGDvpLrqFT7WA/61734a12-b275-47b6-baab-89621bdbd1b1/anim=false,width=450/03917-2634530790-masterpiece,(best%20quality_1.3),ultra%20high%20res,raw%20photo,detailed%20skin,beautiful%20lighting,(realistic,%20photo-realistic_1.4),_1girl.jpeg"
sd15_0066,"https://image.civitai.com/xG1nkqKTMzGDvpLrqFT7WA/3429ff0f-658a-4b41-acf1-1daf18ba3194/anim=false,width=450/03923-3499350277-masterpiece,(best%20quality_1.3),ultra%20high%20res,raw%20photo,detailed%20skin,beautiful%20lighting,(realistic,%20photo-realistic_1.4),_1girl.jpeg"
sd15_0066,"https://image.civitai.com/xG1nkqKTMzGDvpLrqFT7WA/b61035c1-52f2-49db-84ab-5e3b5be51a68/anim=false,width=450/03924-83590941-masterpiece,(best%20quality_1.3),ultra%20high%20res,raw%20photo,detailed%20skin,beautiful%20lighting,(realistic,%20photo-realistic_1.4),_1girl.jpeg"
sd15_0067,"https://image.civitai.com/xG1nkqKTMzGDvpLrqFT7WA/f4435078-6aaf-4617-a9a9-d98a1dcf2ec8/anim=false,width=450/00012.jpeg"
sd15_0067,"https://image.civitai.com/xG1nkqKTMzGDvpLrqFT7WA/41b2488b-254d-4092-b40d-7d31543cff63/anim=false,width=450/00005.jpeg"
sd15_0067,"https://image.civitai.com/xG1nkqKTMzGDvpLrqFT7WA/17e79ffa-9d9a-4df9-bbc4-a5d7c3794af4/anim=false,width=450/00006.jpeg"
sd15_0067,"https://image.civitai.com/xG1nkqKTMzGDvpLrqFT7WA/5641b449-2349-4a44-adf2-7b4871bff6a1/anim=false,width=450/00011.jpeg"
sd15_0067,"https://image.civitai.com/xG1nkqKTMzGDvpLrqFT7WA/30ec0242-d0cf-4b20-9156-5fa3267f15ae/anim=false,width=450/00004.jpeg"
sd15_0067,"https://image.civitai.com/xG1nkqKTMzGDvpLrqFT7WA/1207272e-e6d9-450e-9d4f-2054e40c4432/anim=false,width=450/00008.jpeg"
sd15_0067,"https://image.civitai.com/xG1nkqKTMzGDvpLrqFT7WA/5c14143a-5f7c-4352-aa32-aecc3837f39a/anim=false,width=450/00007.jpeg"
sd15_0070,"https://image.civitai.com/xG1nkqKTMzGDvpLrqFT7WA/0e513e5b-de7b-4457-865c-89eaefa0397c/anim=false,width=450/Untitled-1.jpeg"
sd15_0070,"https://image.civitai.com/xG1nkqKTMzGDvpLrqFT7WA/3ef46e4d-1c15-4a6e-b6c1-42ff98d2e7e4/anim=false,width=450/03897-1106907780-1%20girl,%20full%20body,%20riding%20a%20horse,%20(dynamic%20poses),%20Hanfu,%20(Winter%20hanfu),%20(cloak,%20headwear_1.1),%20(snow,%20red%20flowers,%20chinese%20ou.jpeg"
sd15_0070,"https://image.civitai.com/xG1nkqKTMzGDvpLrqFT7WA/dab97d36-22b8-4e6b-a964-438c8197a118/anim=false,width=450/03893-1271043296-1%20girl,%20full%20body,%20(dynamic%20poses),%20Hanfu,%20(Winter%20hanfu),%20cloak,%20(snow,%20chinese%20outdoors_1.2),%20,.jpeg"
sd15_0070,"https://image.civitai.com/xG1nkqKTMzGDvpLrqFT7WA/c14b5967-6fd2-4054-8b52-23c840006ce3/anim=false,width=450/03878-3523315822-1%20girl,%20sitting,%20Hanfu,%20(Winter%20hanfu),%20cloak,%20(snow,%20winter%20outdoors_1.2),.jpeg"
sd15_0070,"https://image.civitai.com/xG1nkqKTMzGDvpLrqFT7WA/f8da0f3a-2938-4026-a420-2647f5681aa3/anim=false,width=450/03912-548987554-1%20girl,%20cowboy%20shot,%20Hanfu,%20(Winter%20hanfu),%20(cloak,%20headwear_1.2),%20(snow,%20white%20flowers%20garden_1.2),.jpeg"
sd15_0070,"https://image.civitai.com/xG1nkqKTMzGDvpLrqFT7WA/e12ed7f9-c93c-494d-97cd-f58464918803/anim=false,width=450/04518-1427951050-1%20girl,%20(cowboy%20shot),%20red%20hanfu,%20(Winter%20hanfu),%20(skirt,%20cloak,%20top,%20short%20coat_1.2),%20headwears,%20,%20winter,%20snow,%20(outdoors_1.2).jpeg"
sd15_0070,"https://image.civitai.com/xG1nkqKTMzGDvpLrqFT7WA/f7904015-4c5b-4749-801f-c66e120fa0f6/anim=false,width=450/04547-3146812294-1%20girl,%20cowboy%20shot,%20Hanfu,%20(Winter%20hanfu),%20cloak,%20(snow,%20winter%20outdoors_1.2),.jpeg"
sd15_0070,"https://image.civitai.com/xG1nkqKTMzGDvpLrqFT7WA/c50ec89f-ce70-4ad3-bac1-8f7062284041/anim=false,width=450/04548-1538942881-1%20girl,%20cowboy%20shot,%20Hanfu,%20(Winter%20hanfu),%20cloak,%20(snow,%20winter%20outdoors_1.2),.jpeg"
sd15_0070,"https://image.civitai.com/xG1nkqKTMzGDvpLrqFT7WA/566442eb-6a0e-41b7-9da8-9f4de5b230fe/anim=false,width=450/winter1%20-%20Copy.jpeg"
sd15_0070,"https://image.civitai.com/xG1nkqKTMzGDvpLrqFT7WA/ecf66190-5751-4512-81a0-cf213b608390/anim=false,width=450/04513-3755512165-1%20girl,%20(cowboy%20shot),%20red%20hanfu,%20(Winter%20hanfu),%20(tang%20style),%20,%20winter,%20snow,%20(outdoors_1.2),%20(masterpiece,best%20quality_1.5),.jpeg"
sd15_0070,"https://image.civitai.com/xG1nkqKTMzGDvpLrqFT7WA/8ba76d5e-37ed-4294-b463-0faba3e48e1c/anim=false,width=450/03929-2527462287-1%20girl,%20(lying_1.35),%20Hanfu,%20(Winter%20hanfu),%20(cloak,%20headwear),%20(snow_1.2),%20,%20(masterpiece,best%20quality_1.5),%20ultra%20realistic,32.jpeg"
sd15_0070,"https://image.civitai.com/xG1nkqKTMzGDvpLrqFT7WA/81728613-5f0e-46da-b6e7-33a54c477c87/anim=false,width=450/03879-2695454366-1%20girl,%20sitting,%20(holding%20umbrella_1.1),%20Hanfu,%20(Winter%20hanfu),%20cloak,%20(raining,%20snow,%20winter%20outdoors_1.2),.jpeg"
sd15_0072,"https://image.civitai.com/xG1nkqKTMzGDvpLrqFT7WA/cf9471aa-dbc7-4352-88f0-1c54fc204ea3/anim=false,width=450/00029-703877593.jpeg"
sd15_0072,"https://image.civitai.com/xG1nkqKTMzGDvpLrqFT7WA/3c4e4857-4d1e-4a29-8397-b6174f6910c5/anim=false,width=450/00031-703877593.jpeg"
sd15_0072,"https://image.civitai.com/xG1nkqKTMzGDvpLrqFT7WA/975b0769-976e-4e6d-af88-cb9aaf379e3e/anim=false,width=450/00006-3042800071.jpeg"
sd15_0072,"https://image.civitai.com/xG1nkqKTMzGDvpLrqFT7WA/f4eb07d2-7906-4d86-8d1d-d72c1d126844/anim=false,width=450/00019-2246541049.jpeg"
sd15_0073,"https://image.civitai.com/xG1nkqKTMzGDvpLrqFT7WA/ca1f3e54-e095-4cdf-9ec2-a777e5e366d0/anim=false,width=450/00288-2579125994.jpeg"
sd15_0073,"https://image.civitai.com/xG1nkqKTMzGDvpLrqFT7WA/14ce71ff-bf46-4ce1-9077-a2999f13f25f/anim=false,width=450/00211-738982284.jpeg"
sd15_0073,"https://image.civitai.com/xG1nkqKTMzGDvpLrqFT7WA/38eabecd-486b-4af4-a939-04b175c2e832/anim=false,width=450/00221-3905897109.jpeg"
sd15_0073,"https://image.civitai.com/xG1nkqKTMzGDvpLrqFT7WA/1b582af6-90ef-4c3c-97be-a72c9a279190/anim=false,width=450/00071-2546780019.jpeg"
sd15_0073,"https://image.civitai.com/xG1nkqKTMzGDvpLrqFT7WA/ae779c31-ddb3-49ff-be48-73ae23c8e29c/anim=false,width=450/00068-2540009607.jpeg"
sd15_0073,"https://image.civitai.com/xG1nkqKTMzGDvpLrqFT7WA/cd4443a6-6c0e-4181-9d3d-b72b542ef4a3/anim=false,width=450/00059-3315567595.jpeg"
sd15_0073,"https://image.civitai.com/xG1nkqKTMzGDvpLrqFT7WA/a635d005-889b-4e00-8a39-c1557167c411/anim=false,width=450/00055-3315567591.jpeg"
sd15_0073,"https://image.civitai.com/xG1nkqKTMzGDvpLrqFT7WA/52bca874-fb4f-4463-b81c-3941f42ce26c/anim=false,width=450/00149-2643797331.jpeg"
sd15_0073,"https://image.civitai.com/xG1nkqKTMzGDvpLrqFT7WA/1e480d16-9ab2-48cc-90d2-e31625ec89d4/anim=false,width=450/00097-3525647465.jpeg"
sd15_0073,"https://image.civitai.com/xG1nkqKTMzGDvpLrqFT7WA/28d5ea8c-b8fb-44b2-b4ba-0665a4c40de1/anim=false,width=450/00086-3525647454.jpeg"